<?xml version="1.0" encoding="UTF-8" ?>
<!DOCTYPE struts PUBLIC
	"-//Apache Software Foundation//DTD Struts Configuration 2.3//EN"
	"http://struts.apache.org/dtds/struts-2.3.dtd">

<struts>
    <package name="interactive" namespace="/interactive" extends="struts-default">
        <action name="index">
            <result>/WEB-INF/interactive/index.jsp</result>
        </action>
    </package>
    <package name="ognl" namespace="/nodecorate" extends="struts-default">
        <action name="jspEval" class="org.apache.struts2.showcase.action.JSPEvalAction">
            <interceptor-ref name="params"/>
            <interceptor-ref name="debugging"/>
            <interceptor-ref name="annotationWorkflow" />
            <result>/WEB-INF/interactive/demo.jsp</result>
        </action>
        <action name="example" class="org.apache.struts2.showcase.action.ExampleAction" />
    </package>
</struts>    