<?xml version="1.0" encoding="UTF-8" ?>
<!DOCTYPE struts PUBLIC
	"-//Apache Software Foundation//DTD Struts Configuration 2.3//EN"
	"http://struts.apache.org/dtds/struts-2.3.dtd">
<struts>
    <package name="token" extends="struts-default" namespace="/token">

        <action name="tokenPrepare!*" class="org.apache.struts2.showcase.token.TokenAction" method="{1}">
            <interceptor-ref name="defaultStack"/>
            <result name="input">/WEB-INF/token/example1.jsp</result>
        </action>

        <action name="transfer" class="org.apache.struts2.showcase.token.TokenAction">
            <interceptor-ref name="defaultStack"/>
            <interceptor-ref name="token"/>
            <result name="invalid.token">/WEB-INF/token/doublePost.jsp</result>
            <result name="success">/WEB-INF/token/transferDone.jsp</result>
        </action>



        <action name="tokenPrepare2!*" class="org.apache.struts2.showcase.token.TokenAction" method="{1}">
            <interceptor-ref name="defaultStack"/>
            <result name="input">/WEB-INF/token/example2.jsp</result>
        </action>

        <action name="transfer2" class="org.apache.struts2.showcase.token.TokenAction">
            <interceptor-ref name="defaultStack"/>
            <interceptor-ref name="token"/>
            <result name="invalid.token">/WEB-INF/token/doublePost.jsp</result>
            <result name="success" type="redirect">/WEB-INF/token/transferDone.jsp</result>
        </action>



        <action name="tokenPrepare3!*" class="org.apache.struts2.showcase.token.TokenAction" method="{1}">
            <interceptor-ref name="defaultStack"/>
            <result name="input">/WEB-INF/token/example3.jsp</result>
        </action>

        <action name="transfer3" class="org.apache.struts2.showcase.token.TokenAction">
            <interceptor-ref name="defaultStack"/>
            <interceptor-ref name="tokenSession"/>
            <result name="invalid.token">/WEB-INF/token/doublePost.jsp</result>
            <result name="success" type="redirect">/WEB-INF/token/transferDone.jsp</result>
        </action>


        <action name="tokenPrepare4!*" class="org.apache.struts2.showcase.token.TokenAction" method="{1}">
            <interceptor-ref name="defaultStack"/>
            <interceptor-ref name="createSession"/> <!-- we must have a session when using freemarker and the @s.token tag -->
            <result name="input" type="freemarker">/WEB-INF/token/example4.ftl</result>
        </action>

        <action name="transfer4" class="org.apache.struts2.showcase.token.TokenAction">
            <interceptor-ref name="defaultStack"/>
            <interceptor-ref name="token"/>
            <result name="invalid.token">/WEB-INF/token/doublePost.jsp</result>
            <result name="success">/WEB-INF/token/transferDone.jsp</result>
        </action>

    </package>

</struts>
