<?xml version="1.0" encoding="UTF-8" ?>
<!DOCTYPE struts PUBLIC
	"-//Apache Software Foundation//DTD Struts Configuration 2.3//EN"
	"http://struts.apache.org/dtds/struts-2.3.dtd">

<struts>
    <package name="ajax" extends="struts-default">
        <action name="AjaxTest" class="org.apache.struts2.showcase.ajax.AjaxTestAction">
            <result>/WEB-INF/ajax/AjaxResult.jsp</result>
        </action>

        <action name="AjaxRemoteLink" class="org.apache.struts2.showcase.ajax.AjaxTestAction">
            <result>/WEB-INF/ajax/AjaxResult2.js</result>
        </action>

        <action name="AjaxRemoteForm" class="org.apache.struts2.showcase.ajax.AjaxTestAction">
            <result>/WEB-INF/ajax/AjaxResult3.jsp</result>
        </action>

        <action name="Test1">
            <result>/WEB-INF/ajax/remoteforms/test2.jsp</result>
        </action>

        <action name="Test2">
            <result>/WEB-INF/ajax/remoteforms/test3.jsp</result>
        </action>

        <action name="Test3">
            <result>/WEB-INF/ajax/testjs.jsp</result>
        </action>

        <action name="JSONList">
            <result>/ajax/JSONList.js</result>
        </action>

        <action name="tree">
            <result>/WEB-INF/ajax/tree/tree.jsp</result>
        </action>

        <action name="getCategory" class="org.apache.struts2.showcase.ajax.tree.GetCategory">
            <result>/WEB-INF/ajax/tree/getCategory.jsp</result>
        </action>

        <action name="toggle" class="org.apache.struts2.showcase.ajax.tree.Toggle">
            <result>/WEB-INF/ajax/tree/toggle.jsp</result>
        </action>

        <action name="example4">
        	<result type="freemarker">/WEB-INF/ajax/tabbedpanel/example4.ftl</result>
        </action>

        <action name="example5" class="org.apache.struts2.showcase.ajax.Example5Action">
        	<result name="input">/WEB-INF/ajax/tabbedpanel/example5.jsp</result>
        	<result>/WEB-INF/ajax/tabbedpanel/example5Ok.jsp</result>
        </action>
    </package>
    
    <package name="ajax-examples" namespace="/ajax" extends="struts-default">
        <action name="bind">
            <result>/WEB-INF/ajax/bind/index.jsp</result>
        </action>
        <action name="autocompleter">
            <result>/WEB-INF/ajax/autocompleter/index.jsp</result>
        </action>
        <action name="remotebutton">
            <result>/WEB-INF/ajax/remotebutton/index.jsp</result>
        </action>
        <action name="remotediv">
            <result>/WEB-INF/ajax/remotediv/index.jsp</result>
        </action>
        <action name="remotelink">
            <result>/WEB-INF/ajax/remotelink/index.jsp</result>
        </action>
        <action name="tabbedpanel">
            <result>/WEB-INF/ajax/tabbedpanel/index.jsp</result>
        </action>
        <action name="remoteforms">
            <result>/WEB-INF/ajax/remoteforms/index.jsp</result>
        </action>
        <action name="widgets">
            <result>/WEB-INF/ajax/widgets/index.jsp</result>
        </action>
    </package>

    <package name="ajaxNoDecorate" namespace="/nodecorate" extends="json-default">
    	<!--  example 4 -->
        <action name="panel1" class="org.apache.struts2.showcase.ajax.Example4ShowPanelAction" method="panel1">
    		<result type="freemarker">/WEB-INF/ajax/tabbedpanel/nodecorate/panel1.ftl</result>
    	</action>
    	<action name="panel2">
    		<result type="freemarker">/WEB-INF/ajax/tabbedpanel/nodecorate/panel2.ftl</result>
    	</action>
    	<action name="panel3">
    		<result type="freemarker">/WEB-INF/ajax/tabbedpanel/nodecorate/panel3.ftl</result>
    	</action>
    	<action name="panel2Submit" class="org.apache.struts2.showcase.ajax.Example4ShowPanelAction" method="panel2">
    		<result type="freemarker">/WEB-INF/ajax/tabbedpanel/nodecorate/panel2Submit.ftl</result>
    	</action>
    	<action name="panel3Submit" class="org.apache.struts2.showcase.ajax.Example4ShowPanelAction" method="panel3">
    		<result type="freemarker">/WEB-INF/ajax/tabbedpanel/nodecorate/panel3Submit.ftl</result>
    	</action>
       <action name="AutocompleterExample" class="org.apache.struts2.showcase.ajax.AutocompleterExampleAction">
           <result type="freemarker">/WEB-INF/ajax/options.ftl</result>
       </action>
       <action name="quizAjax" class="org.apache.struts2.showcase.validation.QuizAction">
            <interceptor-ref name="jsonValidationWorkflowStack"/>
            <result name="input">/WEB-INF/validation/quiz-ajax.jsp</result>
            <result>/WEB-INF/validation/quiz-success.jsp</result>
       </action>
       <action name="getNodes" class="org.apache.struts2.showcase.ShowAjaxDynamicTreeAction">
            <result type="freemarker">/WEB-INF/tags/ui/treeExampleAjaxDynamic.ftl</result>
        </action>
    </package>
</struts>
